user_id,created_at,risk_score
d89f13e0eb3a57e8b3e364c1bb6c67d1,2015-11-09 07:21:02.000000,
0e0c4e2fa70075d21e7f4faa6e1612a1,2017-01-24 18:24:01.000000,13
1878074d79b16225edebeb1de8af6f0d,2016-08-20 06:55:35.000000,25
c820555270552ef46e3a7fcb025f1361,2012-11-12 23:27:02.000000,28
410032f003ca8f7ac291b685ba141f42,2016-09-15 22:01:04.000000,13
e0ab8ebc2890ae6b1c3b1bdc5dff7ad9,2015-11-05 19:27:59.000000,
67aa0847320a6f22ca3ee54f3748b808,2016-06-24 10:33:03.000000,93
536d3b5bef55c666487ed19db0b426a4,2015-11-04 21:38:12.000000,12
0b4e1a6e58b9d9e5cdc61c4b12a1c91e,2013-12-24 17:23:05.000000,
c1942d1b8570cb346c3b55f28e0ddad5,2017-07-17 14:37:54.000000,0
645155235d745291a4b49b183c9da258,2017-05-30 22:48:14.000000,24
5b0fe7b00412bfde4d0c236c488ddab9,2017-07-18 09:22:56.000000,21
c2b8ccffdd0a79fcb91ac1e3017bd2ff,2017-06-07 21:49:21.000000,15
04ad74734d7bafe1823376610f59d5fc,2017-06-23 05:22:13.000000,23
60cdac8a5b106fe4505c79b8e9388478,2017-08-19 00:31:13.000000,22
aead3b52a6111128635a09e1de1e161d,2017-06-09 19:17:21.000000,0
01f99f82502b0579de53e98dd3c15c06,2017-04-10 16:44:54.000000,19
64e010e432b7dc4b66f3a750aafe8094,2017-06-19 03:53:11.000000,30
6447cad9323c0e90f7687f128d7634b4,2013-12-07 09:21:02.000000,4
41565813ec0a60a2ee442c08664053e7,2014-09-10 21:36:47.000000,22
e576f6922be3b0a35555e700f405743b,2013-11-26 17:02:42.000000,25
88bb20c73660faeac3090971b1a2142b,2015-05-07 02:25:10.000000,12
00a9c60d8ada9ea6b7c8c6b69501aed3,2015-01-29 19:39:18.000000,56
e00b2a34b92e8087783eedc573d13ba5,2014-07-07 08:19:24.000000,
395cef880decbb13dc52dc8a914dd1f7,2017-08-29 21:03:52.000000,15
6247034239f8514eadd1db3363d49ddd,2017-08-24 19:16:16.000000,28
6a12499a0d8765bb19772a6f4be5bccf,2014-01-06 16:09:51.000000,12
6be14ae41aef33323b24ed1f1d428668,2016-12-17 18:51:07.000000,12
50fa2e563e1d92479ff96843ab6787c2,2017-06-21 04:06:32.000000,20
bc7327d41f1168aa86a2f545441e0915,2015-01-13 17:23:18.000000,2
0b72d3f7d42cd93aaea83d819bb72b65,2016-12-05 12:09:37.000000,24
0404795663f0281a0b539a65ed02d603,2014-02-25 17:00:39.000000,17
024525371a4ff934f58fbffd35a129df,2013-12-01 04:27:41.000000,9
4066f4b3b966b680aa2c3aaa5b770265,2016-06-05 23:29:28.000000,6
add432bb4627fdd37bb20410caef1c87,2017-06-19 04:50:14.000000,0
47a0e9934e3c36a8274685d5c1308ea3,2017-07-26 06:53:43.000000,19
acdb64c2ee95f905c1941afea86ac69d,2013-12-01 09:42:43.000000,
b78caa9fbe1fb63cf471799105f24ea1,2017-06-18 00:41:16.000000,17
ac92601fe6bd23f8f312c74ee895e87b,2013-06-05 21:30:09.000000,
85f18f1fe75ebda7f465e64c04f6504a,2015-06-02 14:33:40.000000,65
99e37d397360acce219954eee659ea67,2017-02-07 21:44:25.000000,13
d37b398b51a08914bc66b247ef4e90dd,2016-01-29 22:14:03.000000,
ca4172f864238e8578a415e215713ea6,2014-06-20 16:59:36.000000,24
acd6f9255525b87e041e56ebbdc32ce0,2017-06-01 03:30:22.000000,21
1cc1aa484fe04f5001f25a4c60e5d814,2017-06-07 00:08:56.000000,25
96e42fe344372a15f183a9ead43cbcb8,2017-02-19 19:47:03.000000,10
9be237d2e0ec5acfc13b5d7245db908c,2017-05-04 19:40:09.000000,18
e0916628d03f181e609bc1d1f5c55d02,2017-09-14 08:54:41.000000,25
f74ba2e0f1bb7ccd95b42c6ab2134ce4,2016-01-26 10:23:36.000000,
7e9db9b99c6706a6cadcb0764bf2b97e,2015-09-04 01:46:13.000000,2
e90b32bea4736a5587cf1a682880e0a3,2016-09-02 07:37:52.000000,11
0bad5fdedb0ddd1d2287039f6588c3c6,2017-04-04 21:45:22.000000,18
2cafd1ff6e307b4d4065e167e494769b,2017-09-13 00:08:46.000000,19
0cab77d877c86d3650188f2930c72812,2017-05-17 17:08:15.000000,18
298c236ee85597cc0522b6138e28c3f1,2017-02-25 19:54:45.000000,12
0b0c4105cc02f581c29c8930d06c6912,2017-05-24 02:52:26.000000,17
db09e52ea34b2a79b7410556efbba2b5,2015-08-04 07:21:18.000000,2
1a1838f25a915e4febf3d10c389ddaf3,2017-08-15 13:08:46.000000,40
f4f3e3731374589cfb33976465896799,2013-11-12 22:53:45.000000,27
a3704fe33c1484eb0d1e7705f9ea2050,2017-06-01 17:02:01.000000,20
9bf2782162655866d47ea372c35656b8,2015-06-03 19:24:45.000000,
35f030624760321089397b90dbd607fb,2016-11-26 03:23:59.000000,17
19c2a8575c962730b66bd9b776a1784d,2014-01-13 12:32:54.000000,9
e4c191a24422031d5be30f15d224a517,2016-11-28 03:59:11.000000,
33e8cd3f3e8957fbb0d91428908f986a,2015-05-30 09:00:11.000000,4
b70ce3dec8f8f3577290099994607327,2017-10-09 16:34:03.000000,19
7eada1d64b13b21d77bc26832bdf7983,2014-01-01 18:10:00.000000,
650d7759e013aaad8bc49b453cec52ea,2015-12-18 17:36:22.000000,1
f5850af92222466710b25e03a904189b,2016-11-16 07:38:14.000000,36
fd48ba6fba9161af68a1391ac30d85a9,2017-07-06 15:12:07.000000,0
98ca99b2723feb296079a30535a44c2d,2017-06-30 16:32:28.000000,21
337e15f1d3717b8b742e08c152728f1e,2017-06-01 15:39:44.000000,20
510692eca99e66de7e1d9e01729cbebe,2015-10-30 04:15:12.000000,
6a1bc97218233d0e37d37f91e9d7c720,2014-12-28 00:03:11.000000,9
8ac0151ee26d5181546d899b9ef4f4e2,2016-08-13 00:58:44.000000,8
e414837856e90e77a72fe05a4fa6f1b7,2017-08-29 15:04:44.000000,0
cbdabb7a27ee6cee781415a06c6c5d13,2016-08-09 13:25:08.000000,19
151d40890861a403b788207a72e4a64a,2017-07-15 08:03:26.000000,16
3dd980e67364684197c5304948a81e88,2017-06-27 12:01:27.000000,0
0538a79f0588f57ab2df2c05996c4f62,2013-12-12 17:28:19.000000,
e759358bf89c95ecd78b1188af5608cb,2016-11-08 00:12:58.000000,20
c549acb4231fbef0f20e0eab7b9c2ea4,2015-06-01 05:01:38.000000,13
6a092c1b4cdb7f1742c3a3719ab5929c,2014-04-12 13:01:29.000000,26
067c7285622245c385b261e28e16088a,2016-07-26 20:12:18.000000,7
8208b3ecacb4b3cfc6a393970df460f9,2013-10-12 21:04:32.000000,99
267860ac579d7aef4bd19b4a7ec82833,2017-05-30 02:42:33.000000,37
8d0d60086cf22aeac5dcb2574a2b6279,2017-08-13 20:12:52.000000,22
993154ef99bba43d1e95829728d32955,2017-04-27 05:39:22.000000,17
35c3504d435fb064a0872cb25766b731,2017-10-01 23:25:56.000000,50
44df8b45b776072fec17d78accd880df,2017-05-31 18:56:21.000000,21
911bea3ba631a25890c52599fbd4a0ce,2013-05-21 15:01:41.000000,12
cf8ab3e3910b0fdaa69042e6a7422a77,2017-08-18 05:21:58.000000,17
017d8ca46b3cc4c8e8da5d5df0e5abe3,2017-01-11 15:41:23.000000,30
b3ca42b4841836ca0fd610008441295e,2017-09-02 20:27:37.000000,17
515aab0768fa8375ccf8a4cdb72564fa,2013-12-11 00:57:52.000000,
009ab16c525ade38cab0f73bdc6d6cef,2017-10-05 01:33:46.000000,75
915b8610753bdae7bcb1c97281f05332,2017-08-29 15:42:02.000000,30
d066dfda2ab783d91753dd1b7648c096,2015-05-23 20:10:06.000000,19
c66d89e33861cb1cd2e414c79aa97a67,2017-06-08 10:01:04.000000,26
f3a7da431ec5c9abc1913d16c89ebe28,2013-12-12 23:40:55.000000,25
20b165036985eaa56473d8655452c405,2013-03-23 23:33:01.000000,88
e9061e742c891177a35a99df67b24ae9,2016-01-04 15:07:56.000000,
b4ea5e1aca864397d81bf6a783fdcfac,2017-06-25 23:54:29.000000,22
45beadd0db2961f05da8e7521cd00116,2017-01-04 21:06:07.000000,10
6cb8947d1cdbecc50f022f7dd6f9d8df,2016-04-30 14:25:37.000000,32
2665b8ecc280a332fd7b1007bf4e0c37,2017-08-06 12:49:20.000000,19
13979a9cc2971376996a6e032790013d,2015-12-17 17:35:10.000000,14
2c9c460195a6708ff185b563e63b03a8,2015-03-13 17:02:02.000000,
0086e30f8d8e1518156df8915269be34,2017-06-13 14:32:52.000000,18
b75420b1a1dc2aee8edc65680c9a00ed,2015-10-06 12:15:09.000000,
9d5ca06f5661dbf5324f4aba3e509e9d,2016-06-27 02:44:08.000000,7
97e8eda4bc42bc9b50a05d5a19e93b58,2016-02-17 12:06:37.000000,18
849b234ec990304fb126b8f5c4d80662,2017-06-03 14:50:31.000000,22
cd4f00a2a2266f2ae2e927b11a906b14,2017-03-17 11:28:48.000000,15
f92c8a00bac03497922aeb8de4d415e5,2014-07-08 23:43:42.000000,
7cb4d984837d37e94927aca14fbe3813,2017-03-16 21:29:46.000000,19
e75be4d635b2bc5dea495feba67a04cc,2013-02-19 03:42:12.000000,3
1f9643b58707de304a236be0af01dcaa,2017-10-05 03:57:09.000000,23
d82cff3eb5f74538e10aecc4f1416f78,2013-11-18 18:13:47.000000,36
f66f896852779eae11ea4693b735b3fd,2014-07-07 15:47:50.000000,
e6b16db2b4f70b9e1bb6e90583abf4ae,2017-06-08 09:35:20.000000,28
9ea66b7337d5668706ac7e4bcb9aa347,2017-09-24 09:53:03.000000,0
e14cf4620db432a6dc677a58b7ab4c02,2016-03-14 23:18:48.000000,4
ee5b289d9a94e2782ea207b8f27c79aa,2016-04-05 18:50:16.000000,7
f33033aaac710bf402f34c1ef9ddea4a,2015-09-22 22:27:42.000000,21
9c53ce9492d7f5d7a4d76332629a9277,2016-09-02 19:49:53.000000,
296b2c722b31cc92bd18834a74b9f87a,2017-06-07 05:55:41.000000,19
307348f8e195f044ab0bef28a2d78012,2017-07-02 03:10:59.000000,24
279bce5720a714e570be039c1f8abd37,2017-02-19 21:00:23.000000,14
5829f4cf3f92b0690c988ed0771f3edf,2016-04-07 02:35:01.000000,3
ec700e24268e0c205e452de0d6e8194d,2015-08-31 02:12:23.000000,
bb62a3dcbd1070dbf2ae3cec629a407b,2017-10-07 01:34:00.000000,20
273a2ed19dc4578f66f62fe8b44bd71d,2017-05-20 16:17:44.000000,20
66c7c0e0c06cb7b8e8ff710225242f80,2017-04-03 19:18:27.000000,17
0f36fd00238f57c52ca284770ddefaf5,2017-05-11 13:20:44.000000,21
0b260cf54761db050c660a62173b1da5,2017-09-07 00:07:46.000000,40
0045d07aa8c56b25d078c2920219fed8,2015-11-08 03:24:50.000000,4
fd818001b33bc1ae7046f401769f11b6,2016-11-05 16:42:46.000000,17
0630825f119801ca90274cb8968946b3,2017-07-13 19:44:18.000000,
28c91e83d1689581f4baa69abc4aa8d9,2014-03-03 11:47:40.000000,27
2147626b7b251d8affe89bf16b5b98dc,2017-06-01 03:57:51.000000,18
1474a5a74eddf80f23420340f8763513,2017-01-05 19:11:32.000000,13
11014f3021c0cd5abe7e0dcea8f9192f,2015-05-28 08:45:42.000000,2
2788932d81cbd8118468d761411676e0,2012-07-05 05:39:30.000000,18
6008fbf25d71e0f0e13f04764fa32055,2013-05-19 21:26:06.000000,
bd1503bdb91f9c99a8db7d69abdd6716,2017-08-02 12:56:41.000000,25
f217e3b3bf80478d9e20a7af394c22c6,2017-10-09 11:52:48.000000,26
11c33ab06c3d4550fbed5a360f5fe4d5,2017-06-07 21:31:04.000000,3
b75f27ca84bd04fd65a27158501f3164,2015-12-09 00:08:26.000000,8
9d47bb895f6d83249f9e43a1049c6df3,2016-08-21 18:55:12.000000,3
4cca2ac347436850cd0896edf5faf0ae,2014-12-24 18:34:16.000000,13
1281c534d557441f03af871d9baab8fe,2017-02-05 20:11:37.000000,12
d0a60bd3a1aac24c42cb4e15bff1866a,2017-06-04 12:14:00.000000,20
6af9244d20fc021270214e22c33a46f8,2015-11-12 05:08:19.000000,
3363e29ba4ed27ac97959febf68b0938,2017-08-10 18:38:30.000000,20
b76d501637e09f52b5cf31b181dccc9b,2013-04-28 13:59:46.000000,27
f4459c34d8c8e538845e305e7efbfb8a,2017-08-24 12:37:04.000000,20
aa09231fa4f689be19369ca7913ac1d1,2017-07-17 15:12:32.000000,18
c344bb54bbbed3e5840627ead8b17daf,2016-05-07 17:32:28.000000,8
1017dec15693cd725c942d42484d982d,2016-07-25 16:12:04.000000,3
70c06a4865967605aa82fbf5f977890c,2016-05-04 16:13:09.000000,3
d61a944acd9ee24d5d142f6d15113515,2017-08-08 15:33:53.000000,18
1239ed6422b303661e5b553e3019fcf8,2017-08-19 05:14:38.000000,25
d77149a51e67e3bd99c81359d66b095d,2017-08-13 18:03:51.000000,0
c7b5aa189565188b2d18510fc6d1bd9f,2014-10-05 19:44:03.000000,13
bc1cc4d7c7328ea755f3ac3db8c79792,2015-06-08 08:29:17.000000,
4dcae949219c6f885b9d62ed6ac1e97c,2017-08-08 13:07:55.000000,22
79ab10f190a4931694ec9ef87e448197,2015-12-23 04:28:58.000000,2
93266f486019897c9578cfe006dcc35e,2017-09-08 06:58:10.000000,18
9fa0bd309e17d9f79174ff8b2047571a,2014-01-12 18:06:26.000000,
99c37a43b57cb64cdc894502af364ae5,2016-01-29 07:24:36.000000,
990f2106c25e4b9efb520065d31aff04,2015-06-19 07:06:11.000000,
3d28b80620f36f2344c4a44f9e1c3d3a,2017-05-23 13:07:51.000000,3
b5bd188bc9d52db887191194cd3ee178,2017-06-17 22:35:08.000000,19
c823f283034d5579e6b4ad4a47ee0da7,2016-01-29 20:18:06.000000,6
113351fb32a0599e94b64a4b22b2d36a,2017-10-05 16:26:16.000000,5
52dad8408315cdcb6a9c81c8bb77cbf8,2015-06-28 06:30:59.000000,
8d6a354065a8cfc3336cee344b305a1b,2016-10-11 07:00:34.000000,
ac5ee3dc4a38cac5cfaf49c80826e3d1,2016-03-29 22:07:21.000000,40
7d12ba17a606e8209106a869a245e5cd,2012-12-09 19:30:23.000000,8
5caf910b867a8bf2929cf2d0baa1bdab,2013-12-02 18:09:02.000000,
acb8139e8c26dc80398d2ae6d98c37be,2013-11-14 14:42:17.000000,33
e58712a622836e57ee537c3dff1cf59d,2013-02-01 14:12:08.000000,13
504519fbd7b1d8d86f6624d31aa0ff84,2017-08-20 05:15:00.000000,19
5bee9b9f5bb799e14fb63cb384ffedfe,2014-01-15 21:39:48.000000,34
eacd74ee5c85c80a4a3b2122b7e81ade,2016-06-30 13:12:43.000000,0
150f7af15e094b87de01b6f266b9f911,2017-06-10 21:53:04.000000,19
95060cd182ba5fa63ad3ba5fff7e7501,2016-03-31 03:27:44.000000,10
ce69658aec0b197b0e4dcb0b8918e71c,2017-08-20 23:11:01.000000,28
70672d581cbe29ad2c5e98bc700b05a4,2015-04-04 18:33:52.000000,36
88e61ed056efca0a866ec84d5c16dca2,2017-03-30 07:45:19.000000,25
6fb41be7fd912155102b9c9fc37c61e4,2017-03-10 16:41:53.000000,29
378f0ad64a0811c4f3444528fb328943,2015-12-14 12:06:41.000000,1
bd1132281d7a7492cc14295141eda6a8,2017-06-26 18:36:07.000000,21
d1daedb92db288d27e49f23b9fd521eb,2017-08-25 21:35:24.000000,21
dc90555b3bab0c7124429ab3cc90a13c,2015-11-12 14:13:24.000000,4
f2ac4666a373e5515e67122355b343f2,2015-12-15 15:14:23.000000,39
829715eee61c064f4fd2ad1e05f9175f,2015-11-12 05:03:02.000000,
ea7193e4474d44645e6cfcc130e66a8f,2016-09-30 00:30:43.000000,9
e1ad0af538a29bee75481999f19a5518,2015-03-09 16:50:55.000000,81
23e0ae86a02fa62e1a7dc0031ca966a8,2015-06-07 02:19:48.000000,
3bff435dc1ed1451a648e5f6518c4c86,2016-12-14 14:37:24.000000,12
eed2c16a661c7882dad4e889752403bc,2017-08-25 16:45:59.000000,10
9639a1196fbacca03285901ac105673a,2017-06-07 04:46:50.000000,26
5867ac641fb362074ac1bc6dde7f0c5f,2017-02-08 21:59:00.000000,23
b61a031f7c6051a9939b930f0b0a50ff,2015-01-29 21:29:16.000000,8
d589ac4d9bb91fe42fb64fe62c142fed,2014-08-05 22:58:09.000000,26
1fc5eea11608fc8b9f1726927ed5475a,2015-07-11 18:42:11.000000,11
b7b22b65987efa771bb0a7ba7e177f32,2014-05-29 19:15:06.000000,17
eea24036a803bc05c4872466d6674711,2015-02-03 18:46:10.000000,23
1ad0b76eef6864ca4327687a971b3610,2016-02-14 17:59:12.000000,34
75737414cdab107a2fb3d95199075a9b,2017-04-19 04:09:29.000000,19
7059ca76fc19c3279e05e5446648a4db,2016-12-16 00:06:05.000000,15
3a0e589bd7c17e25c6d6456df1d5b194,2017-02-15 22:41:43.000000,18
a1015aab1d04d8c603dd5a96e370310e,2017-06-19 14:13:21.000000,21
315a1fef6bcf42c7f16e132ba5e02566,2015-09-02 01:54:23.000000,72
e26f8786e4e0351a1c51e93f12671bec,2016-01-30 20:45:21.000000,25
acd44db82d8a88222d6e937aeccc68d0,2015-11-09 10:05:43.000000,
f8084cd7ad5b3f4d7e99219eb222ca94,2017-04-29 18:11:04.000000,19
be488513574bcf7dd962dc59ed1140e3,2016-09-09 00:07:55.000000,92
63c831d7098022a87283afe15fcb9e73,2017-07-03 20:44:20.000000,25
ad9bd8f5ce31c6b51c8cc6e01999e59b,2014-07-10 08:22:42.000000,
b200203a377aa50d31dd589ce5cc018f,2017-01-08 08:44:43.000000,18
194da53d57e61994fe830faecbca258a,2017-06-12 09:32:01.000000,0
17e107e57045eb8fdb8b74649153ef8d,2015-05-12 01:28:46.000000,
c3bfc9b62000298abadd85840b9ba265,2016-01-25 22:46:40.000000,
c039fedb504dc0853bddeb840fd9bd0e,2017-05-18 10:19:47.000000,12
26624560b28e85ba688d5d1cf7901da1,2017-01-02 22:02:41.000000,4
dccf44954b2cd7a7b563b3f96477df2a,2017-08-16 00:23:09.000000,17
5e3240c732e5d7cf80836baa92863d4e,2016-03-19 01:09:34.000000,1
7333ce3fe7f88d18746c3c6a5a66a552,2017-05-24 02:11:44.000000,23
7c3778a08ee3f51377b5472526da8b25,2015-03-11 05:21:00.000000,
b0a54325dc2515262e396b82e5aa2c5a,2017-09-05 14:24:50.000000,26
753f7ad5f109ed458b32386161a6e5a7,2017-07-17 13:01:22.000000,0
3b5115f10a699f21efd738de3071110a,2017-08-11 19:15:10.000000,29
7c435a996564fb9ea5256311669b9af7,2017-09-03 08:27:38.000000,0
b0cd78ffdcbff06253f180a24435b141,2016-12-25 22:53:40.000000,10
1bbac35687f006d8d07a503c67832800,2017-06-09 18:46:28.000000,23
3a260fa07da8320f697b5eba30f76fa2,2017-06-10 00:58:34.000000,18
99fb4a468b04eca72b71321050b8a3bb,2015-08-04 10:30:10.000000,49
6f7f19af183bceea8ba6bbec8189c093,2017-08-15 08:36:17.000000,25
7c85277601b864d1eb9e1112808aea98,2017-06-24 14:05:04.000000,17
ffbe66e9facf39781fd2c6e8b0f05af0,2017-06-19 19:15:46.000000,21
9e5a8efccbacd47437de7fa2aaa1768b,2013-12-26 01:05:51.000000,
210547b96189ddac596fbdb286d69dae,2016-06-23 03:19:59.000000,13
89eb5284e8d6d7a5cc0f5982ecaa80f2,2016-10-31 10:27:19.000000,12
02b3ac56fc650f992c3f68ceb3edfefc,2015-11-27 21:58:46.000000,22
76e23316714d74410ddf0b90075420bc,2017-07-31 19:54:16.000000,20
259ea2c9e25c5774af9aeb01f5dce269,2017-07-24 16:15:10.000000,28
831227d8efd5f6b3cdbe8f1033cc9ca2,2015-10-17 07:51:37.000000,10
206a3d09392c36500e98a45cd1bfd1ce,2017-07-12 02:26:07.000000,17
7f246f6d75107123c063662f6b67a79e,2017-05-20 18:41:16.000000,16
2c46814a1b1caa6dc12615f7b6a61df9,2017-05-29 20:12:11.000000,23
3297c889a7f6a5581ed72c29e3e37e83,2014-03-02 18:52:14.000000,
46e218bc8d1f139555b2e828dbfffbc4,2015-10-14 14:12:57.000000,32
a09efe6c3679b40556ac496a156d36aa,2013-11-23 17:27:35.000000,
cbd900c921c337d38b0a66b610997db9,2017-05-30 21:04:31.000000,18
48fe11b189a63b0f7108fd447050b82a,2017-04-30 18:35:26.000000,15
0534cb3d8c58e07f1d54b102667bf3e8,2017-07-30 14:05:41.000000,18
c2b6afb6cfdadc953bf6692898de6278,2016-11-09 14:05:27.000000,14
008793c7766aa0e097dfe58427b89389,2017-08-16 16:27:38.000000,23
48cc9779135b57b6a8d4052e93bb843a,2017-06-02 12:04:38.000000,0
82720d7d7dc0fe2066ad8524886980ae,2016-01-12 11:42:32.000000,9
9d7c31c393bd5bc31700fb89f50e0cd4,2017-09-30 03:54:31.000000,23
377df111b301076db913208a5197b467,2015-11-29 11:20:13.000000,
f08fac1e6e09d095980312b75a65fb72,2015-01-31 09:34:05.000000,
e8da57cf4944935892307a0e05905e9d,2013-10-23 19:12:48.000000,26
e7b8c22b6ee1799d212ac77a049d2da6,2017-06-17 00:09:58.000000,19
2995b860983b4210a6aee234f4bdbcb8,2017-09-01 10:14:59.000000,27
0bc6ff0fd6e0408352e7635812bdcc1b,2013-12-02 19:22:53.000000,20
69b8fc22e62176c6ca474d5b834a22f2,2015-02-04 07:31:23.000000,
dbdee3b221edcb297fa07ba96e811dbd,2016-03-20 14:07:04.000000,47
37582aba78ae1ef7dcf74ea4ce2de8c1,2017-04-23 10:42:23.000000,0
f442a9f2a5df0f39e7941974ceabfbb9,2016-06-01 00:34:22.000000,3
f2e726a859423f29c944a2e86d7ef53a,2017-05-09 02:47:38.000000,2
66c58df862f616205af5c8a30b93e00d,2014-05-23 02:53:46.000000,12
2b495ebf929ec49af351009b68a44e9b,2013-03-08 18:24:37.000000,36
2695d364985ad73e9822fe2ba60d2c1c,2016-01-17 14:59:35.000000,
974f6dfccedd45397ab2d9f3413d4af0,2017-05-21 02:17:03.000000,22
f83ab2cff478c3a52e55ef4e16657f42,2017-02-25 02:11:53.000000,14
8bbc5f1d3e69f6f62bc58164baed3661,2017-09-17 18:34:28.000000,21
626d8e5df3ba290ae06c1029bfb26b4b,2016-01-24 15:25:27.000000,
40a982bb7e6c2bc417071bde8c3b7e58,2016-11-27 14:57:44.000000,13
24af8ab16d12f02164d5cd5c97ed51c7,2017-04-14 03:10:43.000000,2
d9970cb001e8f7ae85a7cec36f4ccec4,2014-01-20 01:42:02.000000,28
d203bf23455b39ba9e7d6c2d52473ba5,2017-05-05 13:08:52.000000,0
fc8012bb606724ac1e60451126e49ca1,2016-11-27 18:11:32.000000,9
75021bc60237c97c7fffae320c176e37,2017-08-13 01:28:29.000000,0
8d25da1fb404f124c769cf54eacf1ae0,2017-10-01 21:24:05.000000,4
166c196d38dc4c7fca876a8230b25d21,2017-05-22 07:34:35.000000,22
f914870c171e1e796e2a7815f451ae9e,2014-08-09 01:16:19.000000,31
5f5d9a8ca405f3bce97271ad48d82176,2014-11-16 09:03:38.000000,5
5be19f11b4dcb65a38fc5c1b61545949,2017-09-15 02:23:47.000000,20
032b9eca586459dc2d5b1bbdeb228c8f,2017-01-01 08:01:12.000000,21
437bec22d71d15faffbe017ab577817a,2017-07-01 14:58:41.000000,18
9dc502d01dd5fcf1361bfd819f2c18e2,2017-10-07 12:08:14.000000,16
4dcf12844fea3e73976e234d5d524d04,2017-04-16 06:53:59.000000,16
016b9449d13f8cd1daadad398590c70b,2017-07-07 12:40:53.000000,25
bb3bd644c9db946e8fd6ba9dce7a4cd9,2017-01-05 16:07:59.000000,27
cf655c555881edb81758807c179f43de,2015-06-06 08:59:06.000000,
068fd28d306c8793c7a419f85a09a1a6,2015-06-03 16:59:53.000000,
63fe327dd433913547f768002891b587,2015-10-11 16:03:05.000000,49
c9e0b7cd259b1c98ebae79f01edf4abe,2015-07-22 05:26:56.000000,42
6e9d36318bca172a93f73781c59609ba,2016-05-04 23:09:07.000000,10
554899493381fbddd21e3246be10313d,2015-04-29 12:42:30.000000,4
23af4a56e9f3e118eaae6771a80bad6e,2017-05-10 18:56:35.000000,17
ba4d1b4ef9ba6234a1af783ce5a9aced,2017-07-25 00:54:28.000000,0
1cde2081a5960c10e5fcc0791237e2c2,2013-04-07 23:08:23.000000,30
4552eb5a7bc7cc26c16e72c709add5dd,2017-07-01 01:26:05.000000,18
e32a56807ab3e71bb5e07f7ffc8c5174,2013-10-06 04:05:13.000000,5
7d592b7be09395380ba94fe9b2d86018,2017-09-21 20:46:56.000000,0
1fd318f597e2f506575a5de4414efe62,2016-01-26 12:03:52.000000,
7408923279d73bdf7c0ebda30e5be3b6,2013-12-04 21:58:43.000000,
8d844e6dc34b2583110ca8b7d9791af9,2017-09-12 22:01:17.000000,17
75f3e99bba379d5dcf870a481f47f450,2015-07-09 14:06:48.000000,
f6373797deaf231b8118687fc7e8c538,2016-06-01 23:14:03.000000,5
84c7e0eee31ba7ca5bcdb9781280cc70,2017-08-13 13:37:18.000000,17
b5785684a5676cb88348d64e1e70e157,2015-07-08 16:54:01.000000,39
29fe986ab58e3f43f552741587c232c0,2017-05-01 08:02:03.000000,23
64a77bdd711f2332688f45fbe46fd089,2017-10-01 07:28:01.000000,19
7c852635b4ec87a95dfed84e4b769d36,2015-04-07 19:54:32.000000,
7d4065e16c06fccc6d882551b1f7c362,2014-05-18 21:10:50.000000,
efa4bff874eba47b59e2f3f9033c2842,2016-01-24 01:07:31.000000,8
84bd6efdffcd7d0e894a505ef1700d18,2016-06-25 03:20:19.000000,13
7c6e171bcbaacf9bc3e4aae3ae2b3dbc,2017-05-19 03:52:08.000000,28
2127532494f9b784a4f1a79282409e04,2017-09-19 10:48:13.000000,7
48c036dcb9291e6800ab9eef22d289a7,2014-04-25 21:38:45.000000,56
7c4e9d72622981f002f7cafc7b15a4a8,2015-11-05 04:00:38.000000,
c76e6282058c25579937c956f145bb75,2017-07-31 03:15:00.000000,24
0a23653e68cdc58d7081d1535bba423f,2014-11-12 05:03:11.000000,8
b2150afa1ebdb5eaefe245f53384aca6,2017-08-24 04:39:48.000000,16
d2a545fa3af88c689ef374e1271db1c0,2017-06-18 13:15:06.000000,17
9ac64944bd1cafbf34b79cb9e997467a,2015-12-30 19:17:47.000000,38
e31f8b8c6d8b6f780b9d51a1d95bda61,2016-08-27 23:49:33.000000,14
4a4c197a45579febbfbfe345782d5be8,2015-06-04 12:14:36.000000,
d07a04abeb01912628628efc5821243f,2017-08-28 18:50:03.000000,4
8794e9d0191cb58dedada6c18624d1a0,2014-07-19 18:34:41.000000,9
4774bc1e2062db6648b4ebee92b2fef6,2016-01-22 14:44:10.000000,
f1c41199fd8c53fc25a7c88e93288dea,2017-07-19 03:15:28.000000,0
ff5db1be03c107913eb6b4a0c115ba33,2015-11-02 15:47:57.000000,24
e2ad0c20390bc8deb97daed038af75eb,2016-09-29 02:33:11.000000,17
eed9ebf46eaf11287120bd13d9e22e36,2017-06-29 01:47:45.000000,2
f9da07d605a2b7e6653342c4f1301441,2017-05-23 13:02:35.000000,20
084a152155a2f03b4abbb84e62e56866,2017-08-30 14:36:17.000000,3
890f4232cc469f394a0f2baa3af746ee,2016-01-24 20:22:50.000000,
0b1284959cf82719f2eee0b478909fdb,2014-05-07 03:38:52.000000,11
b0c87b63a65b7bb1446ed2023990c2af,2017-07-06 19:23:44.000000,20
28c6d03ee715c3c6a69cd960ca404123,2014-10-03 04:28:33.000000,4
01e8a2e7a4e57736df09c7807de66083,2017-06-18 13:44:08.000000,21
643c770ba48172ed57ddcb02d0405d30,2015-03-16 12:53:47.000000,89
619ddf27794d146c23ca2ab632a203e0,2017-06-02 23:00:47.000000,18
af80ebf18f1223397bf7063a33591959,2014-05-17 09:43:53.000000,4
b1aee51a7d04f51ba977da8157b771ce,2017-07-19 20:18:51.000000,17
a7d54c146f244b8006b947592ba3a79b,2014-05-15 19:09:34.000000,
ca60b3e8110ade69380d53bc88fcf703,2014-09-05 21:28:19.000000,20
29b0762e7a610c3cc3f0f7283d3e7684,2017-10-05 14:05:45.000000,22
32a455245cbb05f1c00083520de927bc,2017-06-05 23:42:19.000000,41
fc1dda05e601e83604692dde314fd3a4,2017-02-17 20:23:14.000000,12
e724e21cbf649c4f3c55365a62e8ce05,2017-06-14 21:26:14.000000,18
e241c7391023479ad2511ed02d9ebe9c,2017-05-26 01:51:12.000000,9
80a22e10cb53c3d3743fbe01ceec33dc,2014-01-09 05:00:47.000000,9
e9d7271281d543743df3e602dd7fc9d0,2016-04-08 03:20:40.000000,50
8039a446aaf0be09fc0d8175212f04e5,2017-07-09 22:35:59.000000,0
b394b3c630298e9e7266148380c49eb1,2016-07-17 03:38:52.000000,2
43ec831c32ab9b470446f49d63fc99af,2014-09-09 17:27:55.000000,
8022ad60e37dd53adfeaac7847f0daae,2017-05-28 07:01:04.000000,0
4f30308c33c85e5a456886014cd1d101,2015-05-16 01:29:57.000000,
c5a4903b1bd6c9e9ec513cdfc1bc5b43,2016-01-08 17:26:05.000000,10
5a18d09b40c6fa8efd5acba2470cc864,2017-08-28 14:33:24.000000,22
8ea0b04d163aa9f514b9f4e4b300f692,2016-12-07 08:24:29.000000,18
beae82a0fa6b0b301aa051d3a5d78684,2017-09-16 18:26:55.000000,21
4a24485c5e5c1e309e319f2cbc39100b,2017-09-01 08:27:50.000000,8
bf675faf03a48481d372c3add94f7a45,2013-03-20 02:58:57.000000,0
3fb8df2ea1035b900c5d2d380f6685c8,2017-04-12 20:12:13.000000,14
167eb9b72935f3a232fa90e3a5752ed3,2015-11-29 03:45:18.000000,
e57eb591f472416f122cf1ae5a39d27e,2014-12-24 06:29:02.000000,9
99f5507bde2ddfac74308b2f51f96f36,2017-03-25 06:33:08.000000,12
883be0830264f5818c9192358380dad9,2014-01-29 18:51:01.000000,
27dc8d15b5dcc8dd5f39eb8251d69570,2013-07-05 23:42:51.000000,29
7e4b5f92dffa93ff7fef7f91252f6b15,2017-08-18 20:01:46.000000,0
2cc2841cbe1059b1c51308a6a9ccc393,2015-12-19 10:14:32.000000,
22a851c6f72427bfdff8ff5000bcce7a,2016-01-26 04:34:09.000000,
862dec4dc0a0b4f0bfc7e47e71066dc7,2017-03-02 14:44:38.000000,16
ea366c7f0e2957168fcf8f004fa7020d,2017-06-01 16:06:12.000000,5
bcbb4f536522e93cebf84768f22ccca3,2017-04-03 20:53:41.000000,22
8d7b5b1fa468db5a3fa7ddc7f1a5a3ea,2016-10-22 15:33:06.000000,20
c4d8bf491e3c3ebe4967e252d9c73976,2017-06-08 00:45:19.000000,22
c0d8ac4aef462f947dfb3027f576ecc1,2016-11-07 21:59:18.000000,21
65b67e82aa63d7b3c59b1334f4a5e51f,2016-01-19 19:01:55.000000,
c5037c4b6becafe4f3ff75f39d771a48,2017-02-05 01:26:51.000000,20
12bf0937717d8e910e1e914f3d97d2d1,2016-12-17 03:01:22.000000,13
1f7902456171bcf9067f45a296c671bf,2017-05-04 19:16:38.000000,23
2188d5b4938b584c4fd37fe5c4eac4a3,2017-06-01 06:42:28.000000,59
895fd22adb4fd573466f721d690c4a28,2016-06-21 13:41:26.000000,15
6c88fdce045bbe21deee491cf84fd371,2015-08-31 03:51:43.000000,
5258f7d03be22667dcea4a6d9367b005,2015-12-01 11:32:35.000000,
d20d8f793fcc12c60330a1c0362e78b6,2017-04-04 19:37:41.000000,24
097bd9dd47cde3bf62fede0ab072ef68,2016-12-31 18:27:12.000000,2
a43ad9f78f4e29889ddaa1bf3beb9300,2016-01-04 10:43:37.000000,
84c4a2bbc100c5bf7d55db524a9ddd0d,2015-06-07 11:16:55.000000,20
6a4db33b8d4f3161bf0cc879877ac1b7,2017-02-17 05:27:23.000000,21
aa2a5a5ab3c99c977d073781a4c7e4f2,2017-01-23 14:11:40.000000,13
a2052328b44702ce2ca930d36b1f6bc6,2017-09-22 04:37:57.000000,26
91c0fbdf1ce91ab3b175a5510f9a8a63,2016-10-21 00:27:17.000000,13
af039100800221963e8940343610ee36,2017-08-08 23:12:33.000000,3
21d44acc58a1a251e1708ea3f1bfd4bd,2016-11-01 06:43:51.000000,14
459e2f900569ff4be0f1d19a2c6b2df0,2016-03-19 02:32:58.000000,1
84fa76ffb70ffcce8bc65c19ec599db7,2015-07-07 05:06:23.000000,
040eaeb37b98d04b5b6db6e9388cc994,2015-12-11 11:58:18.000000,
80e521c87eab3738c8e12d9983d3bf0f,2016-01-14 17:58:01.000000,21
b5f5b1016892d99a694d7065feb5721e,2014-09-11 16:19:21.000000,
cf890273582fee0634ed1a30aaa0bd7a,2017-04-03 17:24:03.000000,23
fa24dada2d90cc6f6a960303ae7c2329,2014-01-22 20:45:13.000000,25
6b2f573b84f1cb31d3d6031016816d43,2015-07-21 14:49:11.000000,76
730cc3f3d7982f834d7e1b5108a2da10,2014-03-31 21:33:31.000000,
6613cbf100035f159e038abb2f706c07,2017-06-18 22:48:44.000000,6
aa8534abf63c4f535adbe9e440360ba1,2013-11-18 20:12:19.000000,23
10949334381296f2224b899094a50815,2015-04-01 03:12:10.000000,
a611ec17afcf61d5f44f86abcb286e66,2017-07-26 15:22:04.000000,20
ea43c111fa7e94d9d9a1d6a5fb2870ce,2017-06-09 05:21:32.000000,0
5d0fca8f2c327276ca0d64b017c543b1,2017-09-26 15:55:45.000000,0
d0913a0441a52a9833943d5a8ba5ef7b,2015-09-29 06:38:05.000000,
db1eefb821156e4ec8dc150db3d0c9df,2017-05-02 07:19:57.000000,16
f49bbae5e042a05769227c24faa11f91,2013-12-15 14:29:58.000000,
98826d1e43703cfeca715bd734d6ccf6,2017-06-22 02:01:47.000000,18
ac816c90ecac1fb4671f3cedddf8e1a3,2017-05-19 18:11:29.000000,38
a543d70bf8b9f23299480205ec71088d,2017-09-06 05:11:03.000000,23
1e994d39e2a393800ddc4b34bfa12772,2016-11-04 14:26:43.000000,20
b87d61c1b846a488949791748622e9f9,2017-05-06 00:40:58.000000,18
b6dbac32af2f363be44ffec4568b6b88,2017-07-01 17:06:09.000000,2
9b8402c10976c1e04dbef810efabff41,2013-12-06 17:02:25.000000,4
2f4b1a98419a3fe768604b48238a98a0,2013-12-06 18:52:55.000000,4
2b6ca40618d0e5be82474aec830c068a,2017-01-07 02:25:40.000000,16
056cec273f01d7757ca925bfd38cf271,2017-06-06 18:36:47.000000,18
f508e4eae5480514ea3e13f730832fc1,2017-02-07 15:16:29.000000,31
b224b5873d3ea9750a1d8b5f3e269552,2017-09-19 00:51:30.000000,25
669ee777533182634afac22b181c5160,2016-07-04 11:19:41.000000,2
08c1def55cf6880503336ba1f5234e37,2014-05-27 22:43:09.000000,10
0ec7082165693eafca643cb727ae2d74,2015-11-17 19:24:53.000000,32
a4643495e80952f9de44a3a525f3e456,2017-02-05 00:35:58.000000,12
c41bf9c664dd5672026e1b10171bb41e,2014-07-19 17:56:37.000000,16
f6b56b1de9190cd961755cf462c5ddfe,2016-05-03 23:45:27.000000,31
aa69f04f36e5ca3b4a140c3126180938,2017-06-09 19:57:42.000000,0
95776a12b1b225a06d546c84351d5e1a,2016-12-31 04:04:39.000000,38
fe99aa0ea147f620046b071490b7c984,2015-07-03 20:24:27.000000,12
a48248ecfa5d52464ff5d8bc72a531e6,2017-06-01 07:49:17.000000,3
10022a67d99e53c2d78314b2eb83ec07,2016-10-06 19:31:25.000000,15
8bf781d11ae1208c9d258ca922f2159a,2016-05-09 23:32:01.000000,12
9006b702b3821ea010b61b42c529e77b,2017-07-26 17:01:58.000000,24
151980fdbdc544a61db50f2c24cfaf84,2017-01-04 11:45:35.000000,1
d950fee6e661665e36377c1d80677a2f,2016-11-29 17:06:45.000000,25
09a1bb3c43385b0674e47ccaf7278417,2016-03-17 12:59:14.000000,41
ea9e5eb54136731cfaf64e54ada5910d,2016-10-30 17:01:59.000000,17
5a71691509a5afdae4bc54c115af8f8b,2016-01-08 14:08:15.000000,
5e78e0c84f585578c629eb0f48ae136e,2015-07-01 15:26:28.000000,
4a329de221c93b2fb25bf4f3ceec9556,2015-11-20 17:27:39.000000,8
0f676a57c0f9d1c6fc86b2f0d4ab01c4,2017-02-25 04:10:51.000000,18
c8691d1c60e9537da42e187170ab369f,2017-08-16 15:41:53.000000,0
dbb06c9aca1f54e80edd6fccab1f33d5,2013-12-04 10:47:50.000000,
e860c1f7ee8c4ac2d1d1b060c93b2b44,2016-06-17 16:17:38.000000,6
3c90a31ffb79846a78fcddcbac7a03d1,2014-07-09 08:28:20.000000,
dc51d769460b50803941d48eff7d8101,2017-09-13 10:54:59.000000,21
94122c627947ca59a123f0e6be2393d4,2016-01-24 06:50:22.000000,
d44c339604588a2962b528bcd9390265,2016-07-18 08:13:18.000000,18
7ece3d6c8abe3b525512229b7f380922,2017-06-05 23:33:50.000000,19
da3bf248026c637a58badf9c7639c829,2017-06-05 00:21:59.000000,19
f34068b6b53a6c6e053ac2a116fa76af,2017-09-29 10:00:23.000000,12
f3d9a6878a48c6bd7e878c432f7125b1,2014-03-23 13:15:58.000000,
8d216dcf6e8374bc95c6ac82a5e38ef7,2017-04-26 22:31:55.000000,0
0fc655d273ec129c9c8c29b6b1337fff,2015-11-09 00:34:08.000000,
3b00745fe39243691daf8d17b4decef7,2017-07-03 16:44:07.000000,0
1c2030d9d36d19e25ab2e9f201983f56,2015-03-22 10:50:03.000000,88
25f0fccfa552efcf037053325136c23c,2017-08-29 18:16:35.000000,19
5fae748684a430e684d6338e8b1d7856,2016-10-30 09:59:51.000000,16
6f17e6561b710769b3d1bab508ff9348,2014-04-09 17:41:48.000000,19
4e67e06d8edcc76933da6097644fc410,2014-03-31 21:34:19.000000,
efbe27f0b360a78f200e9c2147cb8299,2015-05-25 07:38:33.000000,
78a68a52aec4128a2decf1466a2a6c94,2017-05-23 23:31:03.000000,24
66a29344adca38d118f19dbdae8e632c,2017-01-04 09:45:29.000000,19
05a5739881947bb5c455d7eebbf70e5d,2017-05-24 09:37:30.000000,23
5b0ec58841c6f5e5440fd96f8052daa9,2017-01-13 21:01:56.000000,16
e65f276eadfe9cc9a8ef39ad654a0276,2016-01-26 15:51:25.000000,
2eb902dcc9cbefa27e1207587d0f257d,2017-05-04 23:51:09.000000,21
f0d996d63982b988889c6735e4fc5450,2017-07-29 18:43:15.000000,18
f538ef41a8ebbadaf3ebccd14da2e52a,2014-02-24 14:30:57.000000,
dcc54fb9dca40a6729a6863ae9db6723,2017-06-03 06:49:10.000000,0
4ca376da48358549ef9c8ccf1309bfb4,2017-06-09 18:02:15.000000,19
3b2b4c0f5b1e8315915fec25f5b1be8b,2017-10-02 14:50:24.000000,0
3de77a364a8a7edb3f3429f4cdbf50b6,2015-06-04 06:49:12.000000,
5096eeb9d888dea2cb7299359341ca42,2015-11-20 18:39:29.000000,
fffecf625f9b53bc7a0f2e3ce5589b27,2015-12-26 19:34:06.000000,
8399b3eab8f4ae5165d20bc91bdd21b8,2017-08-17 02:43:20.000000,36
5071310254468d837cf1ba82cc359931,2017-05-23 16:19:18.000000,17
d382b5762cbb0e93735fdaa2519eb83f,2017-05-09 13:27:11.000000,2
45af29bb0896cedeb170d7589ba3d174,2013-12-17 10:11:57.000000,
2c0e1013099c3d972b85a531267becd6,2017-08-09 01:18:39.000000,46
f8702f9044e4fb95684d5c1788bf5d79,2017-06-18 00:42:14.000000,18
06ddc401da2f5e3c6969c7a21273a341,2017-04-13 00:17:36.000000,27
5f337bf244a69a97484613237ce7e1cd,2014-06-05 13:36:18.000000,8
d0e43ad07f9d877d6484e0baebcefa66,2015-12-11 04:30:51.000000,5
15dfd72e7dfc3e7039e3b7a763bdb3c9,2017-05-09 18:04:23.000000,23
a4bff5b02a8f477625f18ad77b2b4b2b,2014-07-04 07:40:59.000000,
48e077a9a49d2fc5a1a42ed43f8371ae,2017-07-16 18:54:41.000000,20
87751a2de24f35eb01f318fe6e453e8d,2017-09-02 09:13:58.000000,26
63388f60319fb38fe63369ccc7d728fb,2017-05-31 11:09:11.000000,21
bd9dbbf1c33d5ef266169fbcc462a10f,2017-01-17 18:26:58.000000,26
5b96da1a8dae6da9325181f801288c5d,2016-10-19 08:31:50.000000,21
c2d43b488cd2ec62b878fa8fa0bfa32c,2016-02-14 07:53:28.000000,
132079a8696891c0884afd1b1b1d2e6e,2017-03-27 04:28:36.000000,32
43b17ef4b7d2dac2197e9622febcdb89,2015-11-26 01:45:19.000000,16
ca6c11b912a7fb9f65f5ae91e1a326dd,2016-01-28 21:52:00.000000,
de739739d3f9523c7ebf3b2197721cc2,2014-09-08 19:01:40.000000,20
81ee004af283eb330fa9018286a6de68,2014-03-09 18:50:07.000000,5
13d4a2285ffd695856e1cfb6e48610b4,2014-03-23 20:45:43.000000,7
cd5ef9ca08f88d9439796debfe5adb66,2017-06-19 22:14:29.000000,23
5373af5aebe3961845324389c139569d,2017-02-17 02:59:56.000000,
e6cfb9a08917a6487c7c167e1b439432,2017-03-18 00:54:21.000000,7
5d1d4c39e7b1f50751d76718c34c15f4,2017-07-19 17:36:32.000000,19
a9150eecebece64aa20fa8ddf88a760a,2013-11-18 05:14:53.000000,
20a35c795fac46ba174c1dd588fd0ab4,2015-09-28 03:05:18.000000,
ebbe76fcb37c6eeeed487bd4e560e075,2016-11-21 06:12:33.000000,18
cf5bcdf1d830626f0d73866dce0b48e0,2016-12-30 22:29:10.000000,3
a3e1516cac9620c496d3f6d64945db90,2015-03-11 22:22:22.000000,29
73bc9d995bf09eb8a363a6ca6cdad119,2014-03-11 02:49:24.000000,
ee11246b0101704ff04ef97a9f12ecc6,2017-10-03 12:08:40.000000,18
70584a4e11803adc0fdcca96b56f4bf6,2013-12-14 01:17:00.000000,
a10d65d37b81cab83c224c475511ed26,2017-08-30 18:02:10.000000,17
5d1e4285622c606658956a2e2420f030,2015-02-08 23:48:26.000000,14
e6e43c05c76352907322f043d222595e,2015-12-15 04:49:56.000000,28
6a4e1f76f8ab2c65bc6616ef7d7db904,2017-05-18 21:29:14.000000,19
93aba76f4e4d8910b1868d9dbf7f8b84,2015-06-12 18:04:47.000000,11
47d113811246cb2e1c3b5c44b7ab2098,2017-04-11 20:40:13.000000,22
d4c16d1d47c83fad9c693cb8d4089905,2017-05-12 16:43:20.000000,21
72fc3ac205cf585773a8df067ebf7909,2015-07-01 17:03:01.000000,
e50fba45a9cafb5b93e3514690eee96e,2017-09-09 23:26:34.000000,26
c659050a5163c810475173c9fbd2ebe0,2016-09-15 01:59:51.000000,62
43cb12aea0adfb33ad4203c11d1bb2f7,2017-05-22 04:07:38.000000,0
ea3dc4d727c51f5ea6fce7b0c9cd242b,2015-05-22 11:49:30.000000,5
c75699acc4c8d503a3028b665a9802f8,2016-11-11 21:35:11.000000,9
a6b8a307d867a385e6c274df9be9298e,2016-01-18 19:51:21.000000,
86c89b1ba16e4270bd4739c6b098735c,2014-11-23 10:05:02.000000,31
8333351cdefb4ed33e672e11cd625172,2017-08-30 14:11:53.000000,19
b0a659c3752ed3e1f5a31485d45fb597,2016-08-15 23:01:22.000000,16
8948c92b26ff1b198aaf887687d59968,2017-05-26 19:51:00.000000,19
bfcb5a392eeea161fcb75e2a4ca956cc,2017-07-10 06:51:49.000000,6
6976b014a69a5e8b3a1401731a8494c0,2017-09-01 11:48:42.000000,6
30cb24d10654e22c59651545d272d390,2014-04-27 21:20:26.000000,16
a07a89e1e869a3e6cf12b13ecfc5ebf4,2017-05-24 14:19:28.000000,2
1eff7366e33c184a77cb2b41d61c2b65,2013-12-07 18:40:08.000000,10
dbbad4f8eeed39bdc953f9f76ce95fba,2013-06-22 07:57:07.000000,25
143f4db31aa643706eed96c3a9d493f7,2017-05-06 16:02:32.000000,32
0ae879c422d282d5dfe05194534b62f8,2015-12-27 19:22:06.000000,
afb2c97967c86fcda4f6027a8081e637,2017-05-24 06:09:00.000000,25
7ea2f21acaa8eb1539233f9a4ee680ba,2015-09-16 15:02:12.000000,28
db35e15252dfcd63d81188d61d167e57,2014-07-12 09:53:47.000000,39
f1abb5b0d6daea0b87556778b0192c89,2015-12-13 20:20:08.000000,
26d2c2979af36d6c1a89b95533fb0294,2017-08-18 10:16:09.000000,19
ca28dde538c4a14f80b18a89694f3f69,2016-04-16 02:36:55.000000,14
60671fac32d64b059eda5fb53e187fc9,2013-11-24 14:32:25.000000,
00a0ce5819d991818ef208b80dcf4bd1,2016-09-16 03:12:07.000000,15
597fc58f171fb9f39e85868ab16dc193,2013-03-13 17:27:54.000000,9
432caa80a6f8e36a6d17a9d6e744ebd0,2016-09-11 14:04:01.000000,10
e7e046b40f0547c7757b76d52c64c888,2017-06-25 19:02:03.000000,22
989ac5c3632043686826434b7eb97182,2016-11-09 08:40:19.000000,15
58623813d9bfb5ccf96466a1c90cfe42,2017-02-20 04:46:40.000000,17
2f7a52043f001ca7c6ca747a0a606159,2016-12-17 23:42:30.000000,15
1c59f95a905b9a58b66fd6d4bf8b0807,2017-07-29 20:36:37.000000,21
da1aaeb5e7b5a35f837533cfe1b1996e,2015-05-27 08:26:29.000000,
4a06ae4f7b47874e85493a27dc2f42df,2013-12-13 15:19:28.000000,5
8724b0f11580df979bf232545b7c93bf,2016-12-04 02:59:08.000000,22
f6258426715df2724e664d8f97f2c44b,2017-05-19 06:09:01.000000,4
7bc4fbad2182e180332efe83689d35a2,2014-09-13 19:39:02.000000,
972e877c8c6c56cc6c02aaef85b8286a,2017-07-09 08:03:11.000000,19
a715233f5986022abd4781be63ae4df2,2015-09-27 16:41:08.000000,
32cc5ff2ead925d2dcf965ff03e2ef49,2016-09-12 19:22:10.000000,16
29008caf4054fdd324e3875c0aa3558a,2017-09-29 22:02:59.000000,23
a00acd0117e6cccfade7a09c65cbe204,2016-11-12 13:56:07.000000,22
6c2583e0003c26998964a2da44288b38,2017-05-12 02:53:25.000000,6
deae0f169616e81d26fd61213c3874c6,2017-09-09 18:40:32.000000,0
9753391f77902121193db0a129a3c739,2017-06-12 15:18:22.000000,26
50664996354b1a5eddf36adcf2028efa,2014-11-07 16:25:09.000000,47
b4bd994d6aa4a7df98dc8c9382fb5101,2017-06-03 04:59:31.000000,23
11907e460d5be5726e1b2eabfe7694c6,2015-10-08 04:53:05.000000,49
475e92a973f3c8963c092ceee4b826fe,2017-06-02 23:53:06.000000,17
71c60a97de01d2a4ec9c68ded8501025,2017-07-27 13:15:07.000000,23
8254f76a6974079f0836d16ee84a7c02,2017-09-30 10:42:23.000000,17
d19318a41a3404eb7d905c06d4bd4260,2017-08-23 02:47:52.000000,21
87676ab4f1b063c438667dbc8d97a6eb,2016-12-22 03:02:15.000000,18
742d819c6aaf33df3d6c9ccbbd4de6a2,2016-03-12 03:49:50.000000,18
77093751ee086a9f14df64cead77a0b3,2013-12-06 15:50:11.000000,21
91dadbb65731fe508bcc5db9758ccb42,2017-02-27 17:00:42.000000,14
56e0ea141fe36e3343173516d2cee412,2016-01-24 15:30:56.000000,
cdadf041b101e72dbbdb1df71be2e179,2017-05-01 14:35:27.000000,29
2143bfcb2f6ab5ba4d60de001c97933e,2017-04-25 11:56:49.000000,24
338dd5ae56ead65c61da0f47171983a8,2017-06-08 22:04:40.000000,21
6ebe421c8cc54ea1407dba4cf6e0024e,2013-11-29 11:05:48.000000,
2e4781a5b1a1fdedda28cbe09b703857,2017-07-24 16:11:08.000000,0
d6956699f5da259ab25a1051ea4caf2e,2017-06-08 08:45:51.000000,18
e921f94e5e1943a6185518751eda618e,2016-09-30 01:32:31.000000,23
c260bf5986cac4cc3da183f508916fc8,2015-09-11 19:43:45.000000,59
baa8b11a074701fef4c75ac3bfce1d5d,2017-08-28 22:08:22.000000,19
acf5dd14db934753eb94b13b5ba3643d,2015-12-27 16:17:24.000000,
27875b1ab58727a00044ef79e65fae13,2017-07-24 00:41:27.000000,17
b867f4a96271d1f8074907c16cac31b4,2016-10-30 00:30:56.000000,97
3e48e77640724dacd7e00bb002ce2b31,2016-04-28 11:57:54.000000,17
5cf3594a42c4730deeb975f2826a4fc5,2017-01-02 08:04:06.000000,18
ed7fd6b093a396f4ebb9f1f397a6d339,2017-02-06 20:07:11.000000,17
eba6382245f2a8792f1d6cd85c292b48,2016-01-21 06:41:16.000000,
7d473f2e02c4b49349f5b807d34fa035,2017-05-17 21:46:04.000000,0
f2dda455594d249726a1c7ab07517efb,2013-11-18 21:03:07.000000,8
e354472f966f2e64b9e99d7bba02f004,2015-06-04 03:59:31.000000,
cb59deb30b98273f9d2a07597024590b,2017-08-08 03:00:08.000000,20
fe4eecc21723cd64859ba969ce7b0e26,2015-07-06 18:24:01.000000,
dcab8582184c64c03844171fbe00b909,2017-03-18 05:35:38.000000,12
bc59c4089af97b8c2ba4612714c44768,2017-08-31 15:38:17.000000,41
6f6ede625256deb8c1998456618c1b51,2013-10-21 22:12:06.000000,3
14051e5aa9c62eb4ff10b9509051f457,2015-12-01 12:52:41.000000,27
84f2fa43f07adc4eae26783d5b1b4710,2013-12-20 18:35:40.000000,2
5eae27aafbb3963fa5641aa1dc2246ff,2014-04-27 06:51:44.000000,3
dbdf77833ee48da25845672c57d4fa9a,2013-11-07 23:36:38.000000,11
230119ee9e74e046b529be4ab364ea19,2013-11-23 01:01:38.000000,28
5b6059948043ccb65f3b5c846b174028,2017-10-03 02:40:37.000000,20
6f249c38e287396614966bc11ba2883d,2015-05-20 21:37:29.000000,15
9f13b788b55c48ccb27a5b2f1e54c180,2015-01-26 16:03:25.000000,25
e27fbf0edd9905bcb86c4a1d9350d5fb,2017-05-24 19:46:46.000000,2
9d4a01ac3b08f3a26015907a832278b2,2017-04-29 15:42:22.000000,13
467ccaa908abf155a96bdc6826c6ca44,2015-07-29 16:12:28.000000,10
23c03101ad044f6dcc90c73c736bf486,2016-12-30 00:27:18.000000,17
2fd4581f2a431aaeba734f78d6d9d595,2013-11-03 08:12:13.000000,
830be8e5de1fb926400af18f590828e5,2015-03-18 22:46:22.000000,79
d9b0e99060689d42dd22694a77820804,2013-12-16 16:59:16.000000,41
23ffbc08f559bea25ec96382ec84f085,2016-11-14 09:57:22.000000,20
bab8dbe65e1276308fe41fb161a74670,2017-05-29 18:16:15.000000,46
8f9adbb6173f237800afa131ff2bb6c4,2014-01-29 18:52:37.000000,
4ae3cb53aba0811c34afe2782c77b05d,2015-11-14 03:53:24.000000,
a6f7b4d568976e9e702c197601ee3e68,2017-06-20 18:31:29.000000,15
a4d6b9985aabde565e83d5b5b236430a,2016-07-20 21:32:13.000000,22
9d8f1627e9790ed369e88dbcc947c5d0,2017-04-23 04:51:26.000000,0
1d54fc1a3aaae553eebf72f6a60e7951,2017-05-26 21:24:33.000000,17
598604c41c31dbf7699fec30dbe84b54,2016-05-18 09:59:37.000000,27
54278deaffbb2692d5f62b1bb4bbccfe,2017-06-07 05:13:27.000000,18
63d782e8b0f5c93fa4cdcc1261bdaffe,2016-12-05 01:38:26.000000,15
1b6637297fa5432bb56d0bbd34a1db99,2014-06-16 01:47:14.000000,
e80b7ced23a9144d29c8d9ca2b8ac003,2015-07-03 18:34:43.000000,20
cac676e0fddac885cef989da777d1e15,2017-07-25 18:26:45.000000,57
17297d124c1b71de8f35fdb9ce06a202,2014-01-17 22:25:33.000000,
43893159b8e3ff6490aaaa4631168e74,2015-07-26 20:40:37.000000,79
aca6fcfb9d9d8db6b432f4dce7bf9984,2017-07-16 11:33:21.000000,18
8b25ebfa41d7da7106f91951a8224201,2014-05-30 08:30:47.000000,
db1d4fddddb1dab0868b52dfbbf383d2,2013-11-21 20:17:25.000000,3
c486853daca10fda527d24978597a35e,2016-10-09 21:11:16.000000,51
6f13e29b411cc8218984d94b0fda2b8f,2015-03-15 20:24:06.000000,54
4f5363ff9e0bd3cbc7b0c5e883a7c370,2014-12-12 18:02:14.000000,11
c03cacb60e0d718226b72446665df3f5,2013-11-22 16:51:59.000000,3
fa6e4f17ac7306e0513096294d620938,2015-06-11 06:49:40.000000,
d18c5d87cfc2b8667b925a488a9a1e89,2016-01-28 09:35:27.000000,
3ad0433259db461a9c04bb2cae63f2e1,2017-03-22 14:33:48.000000,11
cd7ca1dadcbdcf9fc74371e8337d5f64,2013-01-29 21:25:09.000000,0
a466bca4143b65e12369bfecf4eec845,2017-06-04 12:37:01.000000,23
f5a59955e64c7ecc508218c8579bfb1d,2017-04-13 20:22:46.000000,6
8da796bbb9eb203f1efe15be15668837,2014-08-05 17:13:48.000000,20
92a674b2c5522cb8546e0d8d43802883,2017-01-27 22:25:11.000000,43
8a769296f770704d32e2b754a29d85ea,2014-02-04 12:02:32.000000,3
8ff9ce6d43f0a77f1a81ba282f2f0b72,2017-05-24 04:54:24.000000,21
d5520fdffefdf662146a36a1218f3351,2015-12-17 17:13:48.000000,
08a2564e8b0299daa763b823cce42755,2016-03-10 00:47:49.000000,90
13aa00d8936560ebefe35c5c57871739,2017-06-25 06:01:46.000000,4
f5621b3739429eec89869e32149b6ebd,2014-07-10 18:08:23.000000,
e732281a7f72f6d047ed9bf9eb3ab798,2013-11-15 05:14:24.000000,13
13de85cf9dc51d102844a3485a818e02,2016-08-11 03:43:46.000000,15
b4cf3dfcdd93b4d46a9af4ca51884e16,2015-05-31 17:25:33.000000,
982a2b116c53d5a463ae5f670dc7de97,2017-08-27 15:59:09.000000,19
5afa9205b7f2c5a867552fd457b3c9fd,2016-01-25 09:08:39.000000,
f05487fb5c2165b0a4237e917e358f40,2017-01-10 20:39:55.000000,20
6accb819e251b0150c731331d3712cde,2017-05-16 09:34:03.000000,16
2e0070a08ae926555bf28c6e00d9fa3e,2017-04-16 19:54:29.000000,16
953435c68c869ae5e7168feaccf810a2,2017-09-15 13:35:59.000000,0
4dcb4a267dd79c5d1f0495808cf1b899,2017-07-25 16:28:07.000000,0
c649b989b1f9502c553cee2eaa06b72c,2017-06-03 14:59:26.000000,14
cc4759e1f969b2ba59e020ef07ec6da4,2013-11-28 16:44:21.000000,19
6a3a9316a22f9d714c0a8f0c916e9b82,2017-06-14 10:58:47.000000,31
f1541c940807014f685c6b7b796d3727,2017-06-18 13:28:16.000000,18
dd1f6527d044877daa4d14452480a24e,2014-02-11 00:35:44.000000,
d578d055de250cc6540348dc9e46261e,2017-09-19 08:26:58.000000,0
9b42cfea5b75e5fd9794dc67eccf36d7,2016-01-16 13:36:51.000000,
474102ef3748efc53237ecad21af9b41,2015-04-15 10:16:57.000000,
870dbbb647523fbe19c4d1101af224ac,2014-03-31 21:12:20.000000,
6da8e98549cd711ed59373a4706d0911,2013-07-12 19:55:23.000000,26
0e46a3133940a800eafa3d9db70f51fd,2017-08-07 14:57:27.000000,39
171905e95d4ba808255e1d010345f857,2016-06-14 07:20:38.000000,44
18bc4d3962ea1876b8dbf03271866046,2015-10-05 16:37:05.000000,19
b74de3abb11f844cd6f48a3467999f07,2017-06-14 20:57:47.000000,20
5bc1f7e1864d5584095fe4784f735c38,2017-05-25 09:11:54.000000,10
91b8706775da88b2b9d179bb748e4117,2017-08-31 20:25:52.000000,15
7cbaaf49a0636c3cf1c26230b407f378,2016-12-09 17:09:29.000000,16
e86b9b54c39f982e6d83230ba6109d9d,2012-08-17 17:18:26.000000,
8edeffbcff0f8a265ffcc0a490691e77,2017-04-12 17:51:55.000000,20
759be096cecb833c5b7d6795aad210fc,2016-08-26 02:23:22.000000,13
0f391cd204bd31777ef8853d2112ffd8,2016-05-06 11:23:44.000000,9
50fb9f179f84fb291284fffd3cb579a4,2013-12-12 19:36:44.000000,
9a4f0bc97c94d67f5a30e3e67373d41c,2015-07-11 08:26:08.000000,
615fd5df0042cb8e6ee2f9fa8295495f,2017-08-31 22:56:46.000000,15
9809ea41344fe457cdf908e5c55562b4,2017-04-25 12:25:20.000000,0
6f2a72dbcf07d1d698fdeeb09eca8ed9,2015-12-14 22:22:33.000000,33
0e44fa228e3e1b7dea2c5f58ac744e8b,2017-04-11 16:35:01.000000,23
8a8ba2e355383cc479c83b9f4de92cd8,2016-01-20 15:47:09.000000,
24dcca9ddc07d9852d6d7e664c25dac2,2015-04-15 07:50:03.000000,
a8da7ce13dc71b64aa0e1afc9cfe3bd4,2016-01-29 14:06:57.000000,
351b82a9b3a6bc3a77baaeb38ab0e124,2017-08-11 17:02:24.000000,22
714630b33b38001d7a68813467a80a57,2017-02-06 17:17:10.000000,14
f8e2961d207af649a9cfdb9e0472ca20,2017-05-16 00:11:08.000000,19
dfbc4227b3f28b9aea4e86e827e2415c,2017-08-11 19:37:28.000000,12
01ead172d89dcf96b536dc76f9e835b2,2016-01-24 02:48:30.000000,
67236843ce666bf59fd67ac51e2d904f,2017-04-11 20:51:50.000000,50
ae64428e8f71cdde671d1a8ac4598cb3,2013-12-06 01:13:12.000000,
0202c202afcf3dfc67e4a08bf17a4ee4,2017-03-30 13:34:34.000000,3
8b0baeb382ef6806154e12199f37e589,2015-09-14 05:57:47.000000,
f2f794290977b2ca63bef2447cc04d5c,2017-02-28 00:03:19.000000,7
f6cb0737989652dada910754f6cd93ff,2015-01-30 13:57:09.000000,
3d938da2f564fa01b7e21206fbc8232c,2017-01-14 18:43:53.000000,19
9a6bd81a055be21354f7b1102412dec6,2017-08-09 04:32:18.000000,7
9260c2cb2c91292ea08ac5d752b1042b,2017-06-13 07:06:39.000000,22
68d174508f64a55dde75eebd697ac499,2017-09-16 16:35:37.000000,17
2f100201392d0619095f5390d134d45f,2016-10-31 04:17:28.000000,18
f555ece5c0848efcb140c1195c22328e,2014-01-19 01:29:03.000000,3
b48db3af5c2b0d8f3a0acac1aa8e92ed,2017-01-28 20:51:01.000000,35
bb95dc4321d1d632c061e743786be997,2013-11-26 13:19:39.000000,
f190f15dbd8686fc9158d247c09189fe,2017-01-12 23:20:01.000000,15
4aff5d412b4aab1863f0fde85dd20bc6,2014-02-18 19:49:48.000000,20
c9f1591db8136a62c975f18c9f31475e,2016-12-02 02:50:08.000000,7
7a1fbca7da15c229faf75adbc4d3db4e,2017-06-10 16:06:07.000000,24
67ef75518d52851758ef308522cc9fc9,2017-05-10 21:42:36.000000,17
9b5e893aa8a1c3c26550a6285b76aafa,2017-06-14 04:18:06.000000,18
5b2725548f3b713fa70e39bb7aec5e7e,2017-04-09 15:57:22.000000,19
bbb45a52e1a3bc9ac178a907c57d555b,2016-05-16 12:32:46.000000,3
bcad59150ff03790d9483f7ea85504f7,2015-07-08 22:01:36.000000,9
1f32d168f6f666508d42691adf78f909,2016-02-24 12:13:11.000000,
ee80cbb1adbfa3cbed60223546079777,2016-02-29 21:20:25.000000,37
8fe4d48761fc96126ae2768fd751c641,2015-04-25 04:45:14.000000,5
907aafae0fcfc370fbd7463c4ce989b7,2013-10-17 04:45:19.000000,23
29c556a42a2cef4beb032d567e5e2359,2017-06-12 15:16:55.000000,41
886038dc135f1337773cf3def4c2dcb3,2017-06-19 20:05:04.000000,21
20a340c088f1638c778a1cfcac4d8e77,2017-08-12 08:50:07.000000,24
42bf5ebe4fbf4d1d7f9e7f22f8a63fdb,2017-05-21 00:17:40.000000,4
4d6538960fa993138515e6fd6f9a94b4,2017-08-09 16:02:58.000000,20
eeea5fd508bc66d70420323ede748adb,2014-06-09 11:35:27.000000,
be34b987d9cdc9ac1c8c5ad6ac7de2fc,2015-11-22 12:46:59.000000,
b58fe1da4877bae004ca793b2b60dc14,2016-03-23 13:02:07.000000,22
bb6809f26cf987ce23cd69e2427e1217,2014-12-20 22:52:26.000000,30
580aa247550a937e04c7106246493831,2015-06-23 21:21:26.000000,
6d9333dcb868de360c50c33364e8ea2a,2014-01-02 21:56:58.000000,3
9a55952bd482bb73298d3ff0f6edf262,2015-06-02 06:10:23.000000,
e0a6cfa13eec972b25bf2e63a00ff669,2017-08-29 22:41:15.000000,0
87da60f6311ffa8f4d526529894fdcea,2017-03-11 15:47:09.000000,14
ce4a6cd541e8e5e47c310260b6707c1c,2017-05-17 01:06:18.000000,
c39f21b29a9c126b2156901581e37148,2017-04-26 13:22:18.000000,27
b91bdb9719e89023cfe0cecb1af44b42,2017-03-20 21:53:04.000000,10
e7b5b8a06b7aada57eb8be69c3b4e879,2014-08-25 14:09:50.000000,
c0b887697010a43c7aaf88b3bad5aa80,2017-09-22 14:27:07.000000,19
b9f00a53a05236c659c79847a981f646,2016-01-08 11:44:15.000000,20
3154e1e7fc457a3d8678ae42e2d2bc72,2017-04-18 21:26:36.000000,32
5a58844acd272f8eb6ac58bbdfe00be4,2017-02-01 16:13:39.000000,11
c2baf83dab4b07c7d5064a05bda37f5e,2016-12-08 17:15:47.000000,13
e9c1f60cd8df84c4874113c396404a08,2013-06-19 03:58:24.000000,33
1548693ab03c4bf87fe6579251368ecb,2016-12-19 11:59:39.000000,25
6db5227083eb5f05730567aac8633598,2017-07-25 18:02:50.000000,19
1ccab5a6fea0515badb7e0bd867ddbc2,2017-05-29 14:44:09.000000,7
dc840c190c00f213e2a7081b9cf428ab,2017-06-13 06:46:30.000000,19
9360e21efeb3dde49903ac7567a02129,2017-08-31 23:54:50.000000,19
9d807eaa535a97054e4d2df54f776b7d,2017-08-15 11:16:36.000000,23
124845fd51a739cdf386f70f36050f95,2014-02-27 07:23:34.000000,19
44a741e976c58e0ba563e73bff1d6a12,2015-08-03 01:52:44.000000,
a71b73f256b5fac20306298f75e4b288,2017-09-09 04:58:08.000000,0
c1270c2d39255086ce386b62582811bf,2017-07-19 21:06:27.000000,0
27eb5c9d48b0664dc2bc52fe2d4cc4ea,2014-03-18 05:44:59.000000,
242a62a8d856f186ccae90c99661b525,2017-08-23 05:18:51.000000,19
4c3b6b2b82597a0051f12001b88e8a3e,2014-03-25 00:11:42.000000,30
2728a6faf3a6de76ca9fcb456f583dc8,2017-04-04 02:51:22.000000,23
95fff4f8ee48fda7ed432be7c8ff2653,2017-09-19 04:15:56.000000,0
f910baf29aff1495c30260e0dd6749b4,2016-08-26 08:40:12.000000,34
2fe55a838eab8c7c15e34ddbe8a1fce7,2016-11-02 21:17:25.000000,5
33f115e5c15770e7b3c7dcb40b0a54a0,2017-02-07 14:06:13.000000,15
c529df6da103ef8b88f7a89c8b84c165,2017-05-04 20:31:18.000000,18
21070780cdc7de6d563c6e11dd52e3ce,2014-02-01 17:10:17.000000,
71a678edfb89a33e44d0ddb0de4de7de,2013-05-07 14:32:52.000000,36
746a83382602a573e87a123c8737d42b,2017-08-03 19:50:32.000000,19
73a06d8db77df4deb868c83beed93dce,2017-09-01 15:43:17.000000,43
ac65d02e8081abd3e50ceac3c7f756ed,2014-05-06 02:01:08.000000,7
11fc6f83cbf7cce0efd3e597b1b6b53a,2015-11-15 22:27:02.000000,68
52721fff5990deeb0a06ec92a72cb887,2015-09-27 19:26:50.000000,46
2ab6d737db374322253b83f4487da789,2015-08-21 13:47:17.000000,9
1a788e529544b6118db9e027bfd94dc5,2017-07-28 14:40:49.000000,20
37292943dd1fab7d7d71b36e2212c374,2017-06-08 02:13:43.000000,27
852fff790740560658491f1b082e6fb8,2014-03-05 05:34:19.000000,37
3febbc53bf8f65100d1b9f6da52e85c5,2015-03-07 23:14:44.000000,
083743fdb35ded42d3b6cd68e2d3fa68,2017-04-26 13:02:22.000000,22
3bc686a0648f424777b9538ddad302f4,2014-07-03 19:41:23.000000,13
17835a1a20e5da879ab91e165e694897,2016-01-20 09:18:17.000000,
0bce3a37e41aabdc48389916e8b2971e,2016-05-16 14:18:18.000000,7
8ec2f28681bc2121d1a277dbc1121732,2015-01-20 17:10:26.000000,57
aaeb3fc58f0751fe9b7fefb0f86cb73f,2015-05-27 18:15:52.000000,57
af2187f3b93cfb55403bc71f3d9d13e2,2017-07-01 00:54:05.000000,32
634006c0df4a137fde7b89bb28e3864b,2017-08-18 00:04:31.000000,17
581c2381f21cd1b64751eef577814c41,2017-06-05 23:38:03.000000,18
f70c6341aeedda2368c274a6211156a2,2017-03-18 11:27:59.000000,11
9ce0142c213d999fa34fbec4d6c85787,2013-12-16 21:56:04.000000,11
b3cc5caa3ffb399f7aab741ead8c7136,2017-08-15 02:10:04.000000,47
36a3a12b8a48288d4fcc665fa4a82c45,2014-05-15 03:54:42.000000,29
c67bde0604e7e7ba799fdd09a54619f0,2017-06-07 05:19:29.000000,
81860beeceab6ce06fac0b5cdb82b0cf,2017-10-06 00:55:24.000000,19
3518c95b738815792e3d8258f72fdf4e,2017-08-31 12:02:30.000000,19
2ce80c3a61fb715cf7b1b9489d14c518,2016-01-24 07:18:19.000000,
b5fc049c6690f2b2333e2c8b36d13c7b,2014-10-16 03:33:17.000000,13
ee87996524253e58d8db3b0e65c5ff71,2015-12-05 16:30:49.000000,25
3c87d1f6b6f1a46e3aa063f254d902f8,2017-09-15 22:31:32.000000,21
eeb8a267087febaf2710b536c1c1f099,2017-06-08 01:29:55.000000,16
fc973b1170853b6849dad1d20a521f9b,2017-07-22 19:24:09.000000,20
a53f16ad42a5cd357c8ec135f4ca1d85,2017-02-10 18:35:59.000000,79
43c55bed7a0b4b9989f60ca7a3b9e442,2017-07-31 21:01:12.000000,0
49c0a65e8fc52a7902591d5be0316bbf,2016-08-29 09:46:39.000000,21
008c9db56b3ca8f4b7999c9d2d522d92,2017-07-16 18:39:08.000000,18
3433956c9a994dff97079f1eb8718ab9,2016-10-06 23:38:48.000000,17
6c8c62fa4f9eba972d9dc8924228a239,2016-01-25 21:11:19.000000,
0bf6b91763432a35e94e6f1e19c9dee2,2017-05-22 21:04:48.000000,1
530a358a90806d4536ee55e189a8ad25,2013-11-22 01:22:16.000000,
de4ced9f42842ab5d8f1a81b5ee278b7,2017-07-08 18:52:10.000000,53
335628e71b3c6ef7fde37861b721934b,2013-11-30 11:47:52.000000,8
7bb5fd085304f434487532cd4fcd8276,2016-01-30 05:41:00.000000,8
b17c1bedd5756b7d53941e76d093f452,2014-09-21 18:34:20.000000,38
9bd7ceaf445d4877fe8a185e90e33e85,2016-09-17 13:01:39.000000,14
7e69f45008eadb72a555a15cd0565073,2017-05-21 17:40:23.000000,30
0abe6b278525b38cb4c1af6c50a3cded,2014-07-08 19:37:25.000000,
60284bd2881f5c72d9b56808f535a6f8,2017-06-05 10:27:05.000000,24
6ba36e3a48300c0344e82b7c1a064925,2017-04-21 13:03:41.000000,22
310204d63ce32e9d28d4acedaae2fe8b,2017-09-11 00:54:22.000000,20
53a9176f484d28bacfed80c53c6ebbe1,2017-09-09 11:32:02.000000,0
ec3c20fb430620c9ef458a7f5e227061,2017-06-29 12:34:12.000000,0
f1233fdfc0459aaff8a94c3c02636f9a,2017-08-30 02:47:54.000000,4
0b819104b7757343e191bb2992db321e,2017-05-06 06:21:35.000000,28
36555fa5fce6c254eddf3248f6053447,2016-08-25 11:16:41.000000,13
a8ac2b5d1476d36a9a3f3baa50292e8f,2016-12-29 03:03:27.000000,22
861169c5c1aa59c06b8aa5568a8e85a8,2017-05-20 18:36:08.000000,17
09c5e7c3356bf8336df6088be54481c8,2017-04-23 04:05:46.000000,21
bd704523cb0e53208e04cfaf371a146d,2016-01-28 11:41:08.000000,
bdbafe9718953bca12351ad347c43b9f,2017-08-31 17:21:11.000000,35
79ecc9d05c1110f84e0f53cd0d9b968a,2017-08-21 23:00:04.000000,20
d6abcdbec471a92a2f04e0139b00c856,2017-08-14 21:00:35.000000,7
1e8c1c00f3bb54db256dc1f9f51ac4d8,2016-01-25 17:52:03.000000,
1120523aa0ee28b06caf37564a26dbc3,2017-08-05 21:38:40.000000,17
9cba86c51495ec72c184caab02c32d29,2013-07-12 02:48:47.000000,7
80e844453749708db0eebc3d2d7ad7ce,2017-04-27 00:49:08.000000,38
9903b3f2a85afcc8c9a5ed278de3e2bf,2015-11-19 23:37:30.000000,
e42c2fb287dd5e68dbc8bb86e9fb6fb8,2016-02-17 23:15:45.000000,97
f14a85b26512997ddae7f8cd2ffca934,2017-09-03 19:46:05.000000,16
3b3ef6dcf29673f9497e2e885e24a44e,2017-08-30 23:21:52.000000,23
6eb3bca624c522426c461c9df91d679f,2017-05-31 09:29:21.000000,1
8658664c801b3c24b2c499347fefa2f9,2015-09-25 09:46:47.000000,
e118ee8d25b5834ab4e378d5379dc015,2015-10-21 09:26:21.000000,24
9641dd07b501a8811a462b3288d46053,2015-07-09 20:05:29.000000,62
8b5a8fa7c8fa7c0928b7d7d810a35027,2016-10-20 03:56:41.000000,22
87632d947537371b4dc9adc534781d5f,2017-05-29 10:29:41.000000,0
bf8ebf3e2748b96a32df01f0f0813b6d,2017-09-25 22:40:38.000000,
8b8bc84ea6701385dd8a286e6da690d3,2017-09-07 11:00:13.000000,5
703b5dc960757c6e9a4ef2ed19af9ce4,2016-01-19 20:57:32.000000,
80d468857525f72a3a5fbd47a19d3702,2013-11-15 14:34:39.000000,
aac1462122adfc1cc29c3488b61969de,2017-05-04 06:02:24.000000,0
34e2daf5587eb7b2aeac57e1bbc5c216,2016-01-19 18:28:53.000000,
0786d4406e757ca28cc26954dc31ae48,2016-11-14 19:31:48.000000,12
0c5df2e47faf3b5dee8e041ce1c1f018,2017-08-03 16:14:51.000000,15
70ae44077789ad88d5f6954ce62e2936,2017-08-19 16:06:59.000000,16
3ce433f1c191f34597ad7dae8b60c12c,2016-06-16 23:04:22.000000,8
b444b4056eb7958340559ebef45524f8,2014-08-21 20:07:03.000000,
3b587aa83a1c0e5989a8405044a9090c,2017-05-06 16:28:57.000000,0
206a00b6ee66d7fd141c975515cf6b9b,2016-11-19 18:50:26.000000,22
7c54c779848a15dca07709fc201e9cdc,2017-05-25 15:39:30.000000,18
a1bb054f72b52a23225adafa093bccc3,2014-02-24 15:57:50.000000,99
8c4e6ebd28cf77afbabed04b7fd267f3,2015-08-07 17:07:44.000000,12
18e3c55031b452fbde7db524bb1dcbc1,2017-04-15 03:16:48.000000,4
cc3e1c2ed42e8e55ea616f3c74c0eba0,2017-08-01 12:59:30.000000,19
164ea36dcfe2da49fc6bf4f845ec8561,2015-12-27 06:16:51.000000,
a9da47a9ae2e8c2d435e433e835f226d,2017-09-22 20:31:28.000000,20
f61fd9f924acee91f2ee1f61ca24371e,2016-01-29 17:59:05.000000,
eeafd0228b5746e30bed32667e82ad1c,2016-09-28 02:55:38.000000,21
ff04cd6c23d27b7f656f6dcdeb54c113,2013-07-23 22:51:41.000000,
f08b1f27e3fe9ee13380726756335942,2015-07-08 01:04:28.000000,6
2964033fd7280ee5bc4596d94e2a805b,2017-01-21 16:53:31.000000,17
7261f1d1559ec54298403ee3e13240c5,2015-05-10 19:17:26.000000,66
05460fdf4361e1a43bb7b3f47acfffba,2014-10-13 03:11:32.000000,5
015f3d430c65c962fb6bc8f7be2da503,2016-06-01 14:48:38.000000,9
ae29207a0f048324f8c9aa2caf3d9d83,2017-03-11 16:19:19.000000,15
e4fc01c4043df92fa0d9866026c4c926,2016-09-15 02:27:35.000000,6
6d4ef79c24158a9a25c3eb7d6876b1b3,2016-07-07 01:56:34.000000,66
1885b00d55950beaaaa01907ff6e5873,2017-04-29 15:25:28.000000,19
b5ca2aad3515223d5f87664995036345,2017-04-29 02:51:37.000000,20
ba5844dbda82c9b5fe9f08c8a923a3ab,2017-07-19 17:31:01.000000,15
4208de92c03b401688dae1768f5e7512,2017-08-29 04:32:57.000000,43
ffad798bfe79dcf90a2b3ad0412bc8ac,2017-02-27 18:14:35.000000,60
c810d7de4302799f153adb50e9cb42cf,2017-09-05 01:01:01.000000,20
6bd1a1974ce9639975d6ff60449ef4c9,2017-04-18 09:32:38.000000,5
2d3ce8d1a5f086a4ee9efb36c5d1845e,2014-02-18 22:45:11.000000,4
8171d23f969cff692a79f58a4ac41b63,2012-08-16 06:24:00.000000,21
1f3945cd8ed8bcffc50e37b2fa6ed99f,2017-03-28 06:05:28.000000,18
430dd7b91a6efc6da77e77f131d4c02b,2016-06-05 22:46:01.000000,20
ebfc7b0602788d9a9458ee9cd2b67b27,2017-04-28 01:45:02.000000,17
6842f7301f857f40bb273c6491ff4ece,2016-01-24 01:10:48.000000,
8d99cba987f98ada11cce9eb8a5b7b45,2016-12-22 04:40:43.000000,21
6859075b6fcf1be259e232c7e1a8b74c,2014-11-08 01:58:55.000000,27
49612e1188e897b8cbc98143a8e11930,2017-08-08 22:09:27.000000,18
8bd3b3ceafd4e5ebcbc3be7dcb6c92de,2017-10-04 22:34:25.000000,10
79d85bedab4ab8954bb663ab85856cd7,2016-12-11 01:35:07.000000,20
7d65eb8f1b69ed586b6d39e668046d03,2017-08-07 20:21:03.000000,19
006bae3ccde38fe8d5299c4123925b03,2017-09-03 19:11:14.000000,19
e19fa6b6ebd2c8037c3ea7761d16c052,2017-06-15 18:16:59.000000,21
0bbef52284fd7c06a93c034090cc7ec9,2017-07-25 21:01:54.000000,19
314e8e26bd1e06441cafe5cfd927df72,2017-10-05 00:11:16.000000,26
afe8379e00b6ae7a85349a5ee641c768,2015-06-21 02:50:51.000000,
7781b375e325ae3d3c21a90a99b8c8dc,2017-10-03 05:36:55.000000,25
4669164c2ab5fa495952831d5b083505,2017-06-02 16:20:49.000000,19
ce9611e4cd84557f00a1ee6106da2f97,2017-09-19 22:01:22.000000,18
c2ef646029858a80fd5b733c521e21e0,2013-04-21 20:11:35.000000,14
306be2333f47737da1e6bd2ad2dd75d0,2016-02-05 20:46:39.000000,4
59d76c6bff6e7996e4232ab9c7b2f9ad,2014-09-09 20:01:45.000000,5
3766e0c7933404fc713bca21f5a1138a,2016-05-31 02:57:35.000000,8
cef762063b3071f59e897d736eb5730b,2017-05-25 07:32:48.000000,1
d8641499a4e3b6b5383f8bc7d31b8997,2017-08-28 22:32:52.000000,21
2f0d45217379a2f97f48409210597984,2015-11-05 22:20:03.000000,
89522d098b2becfb0abeff4e438873ea,2017-06-01 20:41:16.000000,19
397ccc02f0e0b423be9dbb20ad249244,2017-05-15 12:36:01.000000,24
a2490fb2390225687fa21da6f3929058,2017-09-21 22:32:01.000000,20
a8d687dbdbf49d7c24e9927f722534f5,2017-08-30 16:33:34.000000,33
7ff9f93d2d3e86d4fc9a8cc2374ff758,2016-03-25 13:32:27.000000,27
d58bd8027cfe60edfe999a4ac08ba7dc,2017-05-28 18:12:46.000000,21
ddfac2b449a0c724cfc82e054ff8456b,2016-06-01 22:56:47.000000,25
b4932a05ffeb1cd491c4a8cd0194c97b,2017-09-13 17:11:20.000000,0
2fdd6e64413686397b477468ec9f4d5a,2017-09-25 07:13:25.000000,3
befbddf34f71095d3fe49efd79a8996e,2017-04-26 11:46:58.000000,2
a41e75792f931417c0a12baaf639f28d,2013-12-13 22:36:34.000000,
5cc3c3f20a7516e3fa020b6a9b8559fd,2017-10-02 17:59:41.000000,18
8e9379e729b4439c32f81dec2f2fa569,2016-06-01 21:44:32.000000,15
154b32ffe1398a2e018eb4b2e13c37cf,2012-10-31 02:51:07.000000,14
6d4ddf6dfb4eba72b120992dd93231c5,2017-02-12 23:11:38.000000,10
8a6629f0f572478f47b00fe6eb83942e,2014-12-02 04:28:57.000000,39
5f26bff62e2730ad83859f74dd20d920,2017-06-05 00:15:13.000000,19
341386a89f0853895504ff92574d2044,2014-01-26 15:44:47.000000,
f267cb49d34b72f01952fbe073b37bce,2016-01-29 01:46:22.000000,
985173d6a7cd82b40e2cf9f6adc9975b,2014-08-26 02:16:53.000000,
4de11e42be168146d169581295a0314a,2016-01-24 13:00:34.000000,25
11faec4ac2986d1aa1619bd0b7736d5a,2017-04-29 14:10:24.000000,27
6eb95af5868d5f7e42d8470eb92e20d1,2016-07-17 18:02:35.000000,23
bee0b412595ec2ed1191fa1df07bbfd9,2013-03-06 17:29:23.000000,5
cb5877e2c7e46327c3c79af4bab3de59,2016-05-07 03:00:50.000000,27
b83d20897feeb1236ab9ae9e294d8e3d,2017-08-25 08:46:57.000000,20
3286e322987948b372c08bbcc26d3534,2015-12-12 07:25:21.000000,
484e853911d2c6be9191d1b6f4026ab2,2017-07-21 05:57:37.000000,17
805d73d66b9691d945aab440e2a35077,2015-05-14 08:56:42.000000,8
c36af85918828bccf221f6f6a436222a,2017-07-19 04:55:39.000000,17
b748173cd987ce063de30be1c30a6f5f,2017-03-29 02:46:24.000000,11
9fb4ff92d3593d14ed71fcab108424ea,2017-08-09 04:31:57.000000,19
69dc6072b5194f84ae868a1f39d283a0,2017-10-08 16:27:51.000000,0
3b141d8efc4cec68ca444d5b9bac785b,2017-05-11 09:53:33.000000,1
7ffaa918608181884419e232b69091c7,2017-09-06 18:38:29.000000,30
eb39be12c6671473b98b8bb0f55df655,2015-04-04 17:01:58.000000,
2cf47c9cf6f339b429a440a3f66261fd,2017-06-29 19:27:51.000000,19
51aabb204e27c2d67ac650ed07e3928c,2017-05-21 12:22:04.000000,27
c642eb30b29a26afddca6e232895f0e6,2017-09-17 00:43:40.000000,19
c9c7fec9cf5e071dead30141a93d6439,2017-07-28 04:34:07.000000,0
0b4339a6d42b0218acc903c7b876997a,2016-10-14 02:21:48.000000,20
decb09cd4198abc679a637ae417a8700,2013-11-12 17:57:13.000000,
b83dfb57c1dfa46b13d53fd61b782786,2016-05-17 14:56:39.000000,1
30f39c1cf24265871a2eef1fbb4d0d92,2017-08-17 09:01:13.000000,3
5e9f2070817c0ad69c57b956175acf41,2014-02-21 18:46:48.000000,8
16a9164ee408cd14b4637ea952e430c7,2014-05-24 15:01:59.000000,
94832b8dafabc28f26ec6982fdca217d,2013-12-23 14:12:47.000000,
1bbc98a2871ac9241d4f2918b3d76d7a,2014-07-10 04:49:11.000000,19
e70316628440dd4eba3f2e1a11ef0cfc,2017-07-04 20:25:50.000000,22
a4aa39506abcb12f539685b677c82198,2016-01-17 15:20:53.000000,
7e108a1bf12461d487d0660174c4ece4,2016-11-16 22:40:10.000000,28
e1ffc1a1abe20f5cd8f3cb502e04fc22,2014-10-17 18:23:27.000000,25
b9f5cdd41b93956cbb10ef0122d42d1f,2016-06-19 22:59:18.000000,5
62f72f59ffd7489c4e9181e21e372da0,2017-08-22 07:00:15.000000,22
5a012d92a25f1fdad70f1f18ad95550e,2015-07-05 08:01:40.000000,
d2a4376d134018f507a075fafb4fb21a,2017-05-29 13:20:22.000000,0
60ed43ea8ddf6367a39423d355ff399d,2015-09-16 13:04:21.000000,1
8b0e81fdaff838380d35df8cb42b2803,2016-04-30 13:34:01.000000,19
34bdda543a4c28366055a163830af789,2017-09-01 14:48:21.000000,19
618f8dc81cff705ebc30e11fd4e80e1a,2017-08-03 22:16:03.000000,28
fbc6fd7ef565c668eb7e7a2c7d692078,2014-12-11 19:11:40.000000,56
3274f1d58900d6084144a3fb1a59e1f3,2015-02-13 00:33:00.000000,46
1ff35ceb9a1c68d7780629b72acb3ebd,2014-02-20 19:35:03.000000,48
82240b748b47b518445c32cccfa4ad25,2017-08-08 20:54:32.000000,19
00532657bb098803ee5b13b76ac739ed,2017-07-02 21:58:05.000000,19
6f0ce56589c71ca3b298dd58ee01cc5f,2017-06-04 22:05:30.000000,58
dca18643ed6030c877d144c6deab5ab3,2017-06-28 06:03:29.000000,25
02dfccf20904eaee49633aeb4d44adf0,2017-05-27 14:02:09.000000,19
15f13eadceb0eea6f106ef27772be85a,2014-11-02 01:48:25.000000,30
a7105e564e12435ab226789217540d2e,2015-06-24 20:33:31.000000,
e73207d88e1df3580e425f9e868b8fba,2017-07-29 21:31:01.000000,21
248dd9fceb1954429626913d7ff1fafe,2017-03-07 19:31:14.000000,12
96cdb6fc5c3024242cb90620fe15a9a8,2017-04-13 20:27:48.000000,17
f4d8b3571ea3e0818e2fb7f728f77672,2017-06-12 15:20:53.000000,21
